{"accuracy": 72.1832384482987, "precision": 0.7186466952323352, "recall": 0.7218323844829869, "f1": 0.6989250353450294}