{"accuracy": 71.41864159936449, "precision": 0.7147165427054377, "recall": 0.714186415993645, "f1": 0.7113910648991825}