{"accuracy": 65.57990202568516, "precision": 0.6524532410782865, "recall": 0.6557990202568516, "f1": 0.646736969097193}