{"accuracy": 73.93088838871972, "precision": 0.7396341974463493, "recall": 0.7393088838871972, "f1": 0.7370303459699377}