{"accuracy": 83.51317357341453, "precision": 0.8343564368705205, "recall": 0.8351317357341453, "f1": 0.8342600062200177}