{"accuracy": 78.61776777439428, "precision": 0.7831079301784031, "recall": 0.7861776777439428, "f1": 0.7835991567872365}