{"mae": 1234.8836669921875, "mse": 5393734.0, "rmse": 1419.13623046875, "mape": 5.487498760223389, "mase": 2.197406530380249}