{"mae": 570.8284301757812, "mse": 1176671.375, "rmse": 1084.744873046875, "mape": 2.559335708618164, "mase": 1.002787470817566}