{"mae": 577.5255126953125, "mse": 1176780.25, "rmse": 1084.6390380859375, "mape": 2.6414740085601807, "mase": 1.014552354812622}