{"mae": 608.9619750976562, "mse": 1281440.625, "rmse": 1132.00732421875, "mape": 2.769340991973877, "mase": 1.0644714832305908}