{"mae": 17125.60546875, "mse": 614175552.0, "rmse": 23707.478515625, "mape": 121.30807495117188, "mase": 26.501930236816406}