{"mae": 570.828369140625, "mse": 1176671.25, "rmse": 1084.7447509765625, "mape": 2.559335708618164, "mase": 1.0027873516082764}