{"mae": 578.437744140625, "mse": 1181604.5, "rmse": 1086.8521728515625, "mape": 2.646515369415283, "mase": 1.0161548852920532}