{"mae": 568.9510498046875, "mse": 1171743.875, "rmse": 1082.47119140625, "mape": 2.544898271560669, "mase": 0.999489426612854}