{"mae": 575.2684936523438, "mse": 1163448.125, "rmse": 1078.6324462890625, "mape": 2.663970947265625, "mase": 1.010587453842163}