{"mae": 597.4623413085938, "mse": 1275416.0, "rmse": 1129.3431396484375, "mape": 2.6910972595214844, "mase": 1.0495758056640625}