{"mae": 568.0360107421875, "mse": 1166216.0, "rmse": 1079.914794921875, "mape": 2.5465989112854004, "mase": 0.9978819489479065}