{"mae": 566.187744140625, "mse": 1143371.25, "rmse": 1069.285400390625, "mape": 2.577409267425537, "mase": 0.9946350455284119}