{"mae": 567.1141967773438, "mse": 1147805.25, "rmse": 1071.356689453125, "mape": 2.580984115600586, "mase": 0.9962625503540039}