{"mae": 567.980224609375, "mse": 1147547.0, "rmse": 1071.2362060546875, "mape": 2.5165250301361084, "mase": 0.9995700120925903}